,Designation,Company_Name,Work_location
0,Social Media & Marketing Manager,Gopuff,"Miami, FL"
1,Meeting Coordinator,Woven Health Collective,United States
2,Recruiter - Human Resources,Channel Factory,United States
3,Executive Assistant / Office Manager – Financial District! $120k + bonus,"J.R. Berry Search Group, Inc.",New York City Metropolitan Area
4,"Product Owner, Digital Restaurant Experience",Chipotle Mexican Grill,"Newport Beach, CA"
5,Legal Administrator,RPC Company,Dallas-Fort Worth Metroplex
6,Customer Service Agent,Bulletproof 360,United States
7,Social Video Lead,Google,"New York, NY"
8,"Service Desk Analyst-Remote, US",Slipstream IT,United States
9,Senior Manager/ Director Talent Acquisition,Zone & Co,United States
10,"Outreach Operations Specialist, YouTube",Google,Los Angeles Metropolitan Area
11,Learning Design Specialist,Google,"Atlanta, GA"
12,Vice President of Business Development,CardioOne,United States
13,"Analyst, Growth Products & Partnerships",Visa,"San Francisco, CA"
14,"Investment Banking Analyst, Aerospace & Defense",Jefferies,New York City Metropolitan Area
15,Direct Hire Recruiter,Procom,United States
16,Customer Support Representative (Payments),DaySmart,United States
17,New Business Account Executive,Google,"New York, NY"
18,Sales Operations Analyst,Roku,"San Jose, CA"
19,"Program Manager I, Regulatory Affairs",Google,"Washington, DC"
20,Corporate Recruiter,Vorto,United States
21,"Visual Designer, Chrome Desktop",Google,"San Francisco, CA"
22,Legal Intake Manager,"Martine Law, PLLC",United States
23,"User Experience Designer, Google Ads, Early Career",Google,"Seattle, WA"
24,Corporate Paralegal,Google,"San Francisco, CA"
25,Sales Coordinator,Tito's Handmade Vodka,"Chicago, IL"
26,Marketing Communications Manager,Eating Recovery Center,"Denver, CO"
27,Data Entry Clerk - Typist / Full-time (Remote),MultiTech Trades Corp.,"Savannah, GA"
28,Policy Communications Manager,Google,San Francisco Bay Area
29,Information Security Analyst,"Link Solutions, Inc.","Orlando, FL"
30,"Training Program Manager, YouTube",Google,"Los Angeles County, CA"
31,Area Sales Manager,Tito's Handmade Vodka,"Riverside County, CA"
32,"Marketing Data Analyst, Global Partnerships",Google,"Los Angeles County, CA"
33,Director of Marketing and Communications,"Little Sprouts, LLC","Lawrence, MA"
34,"Head of Business Operations, YouTube, Partnerships",Google,Los Angeles Metropolitan Area
35,Product Operations Lead,Vannevar Labs,United States
36,Executive Assistant,Govig & Associates,"Commerce City, CO"
37,Chief Executive Officer,Found,"Miami, FL"
38,Administrative Business Partner I,Google,"San Bruno, CA"
39,Investment Analyst - Real Estate,Dartmouth Partners,"Chicago, IL"
40,Social Media Manager,HEADLINE,"San Diego, CA"
41,Real Estate Agent Recruiter (Social Media Focus),Houston Properties Team,United States
42,"Partner Engagement Manager, YouTube",Google,"New York, NY"
43,Marketing Associate,Ferretti Search,"Union, NJ"
44,Data Entry Clerk - Typist - Work From Home,MultiTech Trades Corp.,"San Diego, CA"
45,"Head of Strategy and Operations, Strategic Partner Program",Google,"California, United States"
46,Remote Work From Home Data Entry Clerk / Typing,MultiTech Trades Corp.,"San Antonio, TX"
47,Marketing Coordinator,Treanor,Denver Metropolitan Area
48,Senior Executive Recruiter,Higher Group,"New York, United States"
49,Content Creator/Video Editor,Hey Mentor LLC,"Sudbury, MA"
50,"Software Engineer, Chrome Desktop",Google,"Seattle, WA"
51,"Marketing Data Analyst, Global Partnerships",Google,"San Francisco, CA"
52,Wellness Coordinator,Hydration Room,"Orange County, CA"
53,"Learning Specialist, Mastery, gTech",Google,"California, United States"
54,Data Entry Clerk - Typing - Part Time Entry,MultiTech Trades Corp.,"New York, NY"
55,Human Resources Generalist,ebs Recruiters,Greater St. Louis
56,Food and Drink Runner,Flix Entertainment | Flix Brewhouse | Cinema Breweries,"Round Rock, TX"
57,Director Project Management Office,Dawson,"Columbus, Ohio Metropolitan Area"
58,"Software Engineer II, Early Career",Google,"California, United States"
80,"Product Marketing Manager, Google Ad Manager",Google,"New York, NY"
97,Social Media Executive Communications Manager,Google,"Mountain View, CA"
101,"Business Data Scientist, AI Analytics",Google,"California, United States"
102,Assistant Project Manager,JDL Search Partners,Greater Boston
105,Clinical Research Coordinator,SF Research Institute,San Francisco Bay Area
106,"Digital Strategy Lead, Accelerated Growth, Google Customer Solutions",Google,"New York, NY"
109,"Data Center Technician II, Technical Operations",Google,"Kansas City, MO"
112,Data Center Technician II,Google,"Red Oak, TX"
117,Human Resources Generalist,Spencer Reed Group,Kansas City Metropolitan Area
119,Patient Scheduler,Hasbro Children's,"Newport, RI"
179,Graphic Designer,Jane Street,New York City Metropolitan Area
234,Director of Partnerships,Freemodel,"Austin, TX"
655,Graphic Designer,KTeam,"Miami, FL"
1259,"UX Designer, YouTube Youth",Google,"San Bruno, CA"
1853,Human Resources Assistant,TRC Talent Solutions,"Charlotte, NC"
6480,Anti-Money Laundering Investigator,Partnership Employment,United States
6481,Assistant Buyer,"StaffWorks, LLC","San Diego, CA"
6484,"Business Development Representative, Google Cloud",Google,"Chicago, IL"
6485,Product Manager,Standard Motor Products,"New York, NY"
6486,Human Resources Coordinator,MultiTech Trades Corp.,"Tampa, FL"
6487,Systems Administrator (Intermediate and Senior Level),"Link Solutions, Inc.","Fayetteville, NC"
6488,Help Desk Support Service Specialist (Intermediate and Senior Level),"Link Solutions, Inc.","Fayetteville, NC"
6491,"Partner Operations Manager, Major Labels, YouTube",Google,"Los Angeles County, CA"
6492,User Experience Designer,52 Limited,"Portland, Oregon Metropolitan Area"
6496,Clinical Data Analyst,Seneca Resources,United States
6498,"Technical Writer, Languages",Google,"Sunnyvale, CA"
6499,Financial Analyst,Piper Maddox,"St. Petersburg, FL"
6500,"Software Engineer II, Early Career",Google,"Raleigh, NC"
6501,Government Affairs and Public Policy Manager,Google,"New York, NY"
6506,"Research and Insights Manager, Global Marketing Insights",Google,"San Francisco, CA"
6507,Product Manager II (Rec),DaySmart,United States
6508,Executive Assistant,Transitions LifeCare,"Raleigh, NC"
6509,"Global Strategy and Operations Manager, YouTube Business",Google,"San Bruno, CA"
6511,Remote Work for Data Entry Clerk (Part Time),MultiTech Trades Corp.,"Raleigh, NC"
6516,DOD Logistics Specialist,American Logistics,United States
6517,"Account Executive, Google Marketing Platform",Google,Los Angeles Metropolitan Area
6518,Jr.Data Analyst,McKinley Marketing Partners,"Virginia, United States"
6519,Research Analyst,Action for the Climate Emergency,"Massachusetts, United States"
6522,Telecommunications Specialist,"Link Solutions, Inc.","Fayetteville, NC"
6524,Office Manager (Remote),Procter & Gamble Co,United States
6526,Regional Account Director,Flowers Foods & Subsidiaries,United States
6527,"Data Center Technician, Night Shift (Hardware)",Google,"Columbus, OH"
6528,"Key Account Executive, Google Cloud",Google,"Tennessee, United States"
6530,"UX Designer, Google Cloud, Gemini Code Assist",Google,"Seattle, WA"
6531,Project Coordinator,"Willmeng Construction, Inc.","Phoenix, AZ"
6532,"Strategic EdTech Partnerships Manager, Google for Education",Google,"California, United States"
6535,Data Center Technician (Weekend Shift),Google,"Reno, NV"
6538,"Learning Experience Designer, Google Cloud",Google,"Austin, TX"
6618,Network Administrator (Intermediate to Senior Levels),"Link Solutions, Inc.","Fayetteville, NC"
6628,Remote DE/VA Underwriter,Paramount Residential Mortgage Group Inc. (PRMG Inc.),United States
6636,Junior Data Analyst,TalentBridge,"Greenwood Village, CO"
11705,Product Manager,Visa,"Ashburn, VA"
13578,Clinical Documentation Specialist,The Fountain Group,United States
13618,Natural Gas Analyst,Alpha Generation,"Houston, TX"
16741,"Analyst, Product Management",Visa,"Foster City, CA"
16744,"Managing Director, Devices and Services, Commercial Strategy, Operations",Google,"Sunnyvale, CA"
16745,Data Center Technician,Google,"Reston, VA"
16746,Project Coordinator,AREA 23 | An IPG Health Company,New York City Metropolitan Area
16751,Business Analyst,Compunnel Inc.,"Conshohocken, PA"
16756,"Interaction Designer, YouTube Shopping",Google,"San Bruno, CA"
16758,"Product Manager, Pixel Care and Device Health",Google,"Mountain View, CA"
16759,"Group Product Manager, Search",Google,"New York, NY"
16765,Youtube Data and Measurement Lead,Google,"New York, NY"
16766,"Head of Sales, GMP Acquisitions and Onboarding",Google,"New York, NY"
16769,"Data Engineer, Play Data Science and Analytics",Google,"Mountain View, CA"
16771,Associate - Portfolio Transformation Group,Revelstoke Capital Partners,"Denver, CO"
16776,Supply Chain Project Manager,Insight Global,"San Diego, CA"
16779,Visual Designer,Net2Source Inc.,New York City Metropolitan Area
16781,Director of Partnerships,Freemodel,"Dallas, TX"
16784,"Software Engineer, New College Grad - 2025",Visa,"Foster City, CA"
16787,eCommerce Manager- Amazon,eCommerce Placement,Greater Chicago Area
16788,Business Analyst,BCforward,"Austin, TX"
16791,Data Analyst,Corps Team,"Louisville, KY"
16792,Data Analyst (Power BI Focus),Beacon Hill,"Los Angeles County, CA"
23466,Administrative Assistant,Tomorrow Water,"Anaheim, CA"
23467,Associate Social Media & Influencer Marketing Manager,"Stanley Black & Decker, Inc.",United States
23478,Part-Time Work From Home Data Entry Assistant,MultiTech Trades Corp.,"Richmond, VA"
23479,Chief Executive Officer ( CEO ),iHire,"Sarasota, FL"
23481,"Strategy and Operations Lead, Global Partnerships",Google,"California, United States"
23496,Carrier Support Technician,Sangoma,"Pittsburgh, PA"
23498,Client Growth Manager,Phamily,United States
23499,"Product Strategy and Operations Lead, YouTube",Google,"San Bruno, CA"
23506,"Director, North America Startups",Google,"San Francisco, CA"
23510,Solution Data Scientist,DataVisor,"Mountain View, CA"
23515,Event Sales Manager,Hotel on Rivington,New York City Metropolitan Area
25681,Discovery Program Manager,Google,"Texas, United States"
25685,Graphic Designer,RAM Mounts,"Seattle, WA"
25687,Regional Operations Manager,Riverstone Logistics,"Charlotte, NC"
25692,Business Analyst - Investment Operations,Compunnel Inc.,"New York, United States"
25700,"Data Analytics Engineer, YouTube",Google,"San Fernando, CA"
25705,CEO & Operational Excellence Coach,Stanley House Consulting,"California, United States"
25707,Quality and Continuous Improvement Program Manager,Google,Los Angeles Metropolitan Area
25718,"Chief of Staff, People Team",GEICO,"Chevy Chase, MD"
25728,Business Analyst,BCforward,"Houston, TX"
25939,Social Media Coordinator,MATTIO Communications,"New York, NY"
25951,Human Resources Coordinator,Akkodis,"Grand Prairie, TX"
25956,System Administrator,Spectrum Science,United States
29962,General Consideration,Alpha Generation,"Houston, TX"
33591,Data Analyst Intern,Highlight Health,"Philadelphia, PA"
40163,"Creative Strategist, Growth Marketing",Berry Street,"New York, NY"
40686,"Research Data Scientist, YouTube Search",Google,"San Bruno, CA"
40691,Marketing Specialist,Corbett Inc.,"King of Prussia, PA"
40698,Director of Partnerships,Freemodel,"San Rafael, CA"
40705,Strategy and Operations Senior Manager,Google,"San Francisco, CA"
40706,Financial Analyst,Segrera Associates,"Miami, FL"
40718,"Product Manager II, Brand Connect, YouTube",Google,"Mountain View, CA"
40724,Senior New Business Account Executive,Google,"New York, NY"
40727,"Video Producer and Editor, gForce",Google,"Sunnyvale, CA"
40728,UX/UI Designer,EBizCharge,"Irvine, CA"
40731,Program Manager - II,The Fountain Group,"California, United States"
40736,Deputy Program Manager,ARETUM,United States
42601,Event Operations Specialist,Visa,"Miami, FL"
42605,Help Desk Support Analyst,"Link Solutions, Inc.","Frederick, MD"
42611,"Data Center Strategic Negotiator, Energy and Location Strategy",Google,"Austin, Texas Metropolitan Area"
42629,"Business Development Representative, US Army, Google Public Sector",Google,"Washington, DC"
42630,"People Partner, Google Public Sector",Google,"Reston, VA"
42642,"Product Design Engineer, Pixel Watch",Google,"San Diego, CA"
42644,"Interaction Designer, Google Help Experiences",Google,"Mountain View, CA"
42651,Inventory Manager,G2G Ventures PBC,Los Angeles Metropolitan Area
42655,Treasury Accountant,Google,"Chicago, IL"
44575,"Associate, Business Operations and Strategy",Google,"Mountain View, CA"
49904,EXHIBITION DESIGNER,Museum of Arts and Design,"New York, NY"
49980,Order Management Specialist,Aditi Consulting,United States
49981,"Senior Marketing Manager, Commercial Innovation and Portfolio Strategy (Hybrid - New York)",OLAPLEX,"New York, United States"
49984,"Data Center Facilities Technician, Generator",Google,"The Dalles, OR"
49988,"Director, Global Venture Capital and Private Equity",Google,"San Francisco, CA"
49998,Human Resources Director – DTLA - $180k-$200k,"J.R. Berry Search Group, Inc.","Los Angeles, CA"
50000,"Behavioral Abuse Analyst, YouTube Trust and Safety",Google,"San Bruno, CA"
50006,Work from home opportunity- No experience required- $55K- $150K,ALW Career Connections,United States
50007,Senior Accountant,Wellfit Technologies,"Irving, TX"
50010,"Global Strategy and Operations Manager, Marketing",Google,"Mountain View, CA"
50017,Program Coordinator,German Marshall Fund of the United States,"Washington, DC"
50019,Social Media Marketing Specialist,Celarity,Greater Minneapolis-St. Paul Area
50024,Marketing Data Analyst,Adapty.io,United States
50030,"Network Operations Engineer, Network",Google,"Thornton, CO"
50038,Creative Project Manager,Dexian,United States
50914,Work from home opportunity- No experience required- $75K- $200K,Trenkle Agency,United States
51798,Future Opportunities,Ground Up International,New York City Metropolitan Area
51800,Director of Partnerships,Freemodel,"Anaheim, CA"
51805,"Interaction Designer, Google Ads",Google,"Walla Walla, WA"
51806,"Data Scientist, Research, YouTube ROI and Nitrate",Google,"Mountain View, CA"
51811,Human Resources Management,HR Solution Service,United States
51818,"Product Marketing Manager, Gemini App, Marketing",Google,"Mountain View, CA"
51824,"Abuse Analyst, Trust and Safety, Messaging",Google,"Austin, TX"
51832,Administrative Coordinator,The Fountain Group,"Illinois, United States"
52240,Enterprise Account Manager,Nitrogen,United States
53704,CEO & Operational Excellence Coach,Stanley House Consulting,"Texas, United States"
53706,"Performance Specialist, Tech B2B",Google,"Los Angeles County, CA"
53707,"Product Manager I, Pixel Battery Life",Google,"Mountain View, CA"
53716,Data Analyst Intern,Highlight Health,"Newark, NJ"
53719,"Account Strategist, Engage, Google Customer Solutions",Google,"New York, NY"
53739,Associate Product Manager,Standard Motor Products,"New York, NY"
53744,Data Entry Clerk *ASAP*,Consider Posh Pro,"Tampa, FL"
53809,Director of Strategic Partnerships,ProVal Technologies,"Orlando, FL"
54180,"Video Account Executive, Large Customer Sales",Google,"Atlanta, GA"
54209,Strategic Partner Development Lead,Google,"California, United States"
54230,"Senior Program Manager, People and Business Operations",Google,"Reston, VA"
54515,Customer Success Manager (Fully Remote),Branching Minds,United States
55477,Project Manager,WEP Clinical,United States
